dataset,label,rolloff85,centroid
CtrSVDD,fake,2370.3,1303.5
CtrSVDD,fake,3667.6,2058.5
CtrSVDD,fake,3063.1,1595.4
CtrSVDD,fake,3240.9,1712.2
CtrSVDD,fake,4209.7,2267.3
CtrSVDD,fake,3209.2,1757.4
CtrSVDD,fake,3091.0,1728.3
CtrSVDD,fake,3033.2,1657.1
CtrSVDD,fake,3332.1,1860.0
CtrSVDD,fake,3257.3,1488.0
CtrSVDD,fake,2492.6,1397.7
CtrSVDD,fake,4227.5,2417.9
CtrSVDD,fake,2538.6,1345.1
CtrSVDD,fake,3750.6,1904.1
CtrSVDD,fake,4039.0,2296.5
CtrSVDD,fake,3939.4,2266.5
CtrSVDD,fake,3282.7,1704.4
CtrSVDD,fake,4119.8,2052.0
CtrSVDD,fake,2747.8,1511.6
CtrSVDD,fake,3528.2,1557.0
CtrSVDD,fake,3887.6,1852.4
CtrSVDD,fake,3959.2,2173.7
CtrSVDD,fake,4363.9,2209.1
CtrSVDD,fake,4283.2,2220.3
CtrSVDD,fake,3045.9,1559.4
CtrSVDD,fake,3423.7,1778.8
CtrSVDD,fake,4049.9,1839.6
CtrSVDD,fake,3613.6,2018.9
CtrSVDD,fake,4268.1,2405.6
CtrSVDD,fake,2937.2,1654.8
CtrSVDD,fake,2448.6,1593.3
CtrSVDD,fake,3094.1,1692.6
CtrSVDD,fake,4057.2,2020.0
CtrSVDD,fake,2776.9,1589.3
CtrSVDD,fake,4035.6,2184.2
CtrSVDD,fake,3381.2,1877.0
CtrSVDD,fake,3063.6,1640.1
CtrSVDD,fake,3414.3,1713.8
CtrSVDD,fake,3768.1,1936.8
CtrSVDD,fake,2765.2,1601.9
CtrSVDD,fake,3971.5,2271.9
CtrSVDD,fake,3836.1,2115.1
CtrSVDD,fake,4367.7,2291.1
CtrSVDD,fake,3621.4,2118.1
CtrSVDD,fake,3945.8,2158.8
CtrSVDD,fake,2096.8,1414.8
CtrSVDD,fake,3928.2,2247.1
CtrSVDD,fake,3523.7,1725.5
CtrSVDD,fake,3890.1,1956.1
CtrSVDD,fake,3725.4,1928.2
CtrSVDD,fake,3236.0,1610.1
CtrSVDD,fake,3364.7,1827.5
CtrSVDD,fake,3349.9,1897.7
CtrSVDD,fake,3019.8,1640.4
CtrSVDD,fake,3438.5,1760.5
CtrSVDD,fake,3608.6,1818.8
CtrSVDD,fake,4372.5,2469.1
CtrSVDD,fake,3667.1,1905.6
CtrSVDD,fake,4139.9,2158.1
CtrSVDD,fake,3009.5,1485.1
CtrSVDD,fake,3356.0,1937.0
CtrSVDD,fake,1885.1,1060.0
CtrSVDD,fake,3642.5,1947.6
CtrSVDD,fake,2733.6,1653.7
CtrSVDD,fake,3201.1,1635.7
CtrSVDD,fake,4243.4,2379.9
CtrSVDD,fake,3507.3,1822.7
CtrSVDD,fake,2524.0,1461.4
CtrSVDD,fake,3801.2,2297.8
CtrSVDD,fake,2524.5,1387.2
CtrSVDD,fake,2971.6,1531.0
CtrSVDD,fake,4096.3,2213.3
CtrSVDD,fake,4178.2,2248.1
CtrSVDD,fake,3333.3,1665.8
CtrSVDD,fake,3299.1,1796.5
CtrSVDD,fake,3548.9,1887.0
CtrSVDD,fake,3495.5,1869.2
CtrSVDD,fake,3839.0,1819.0
CtrSVDD,fake,3374.5,1904.8
CtrSVDD,fake,3393.4,1712.5
CtrSVDD,fake,3611.3,1945.7
CtrSVDD,fake,4078.2,2258.2
CtrSVDD,fake,3088.9,1617.8
CtrSVDD,fake,2659.2,1347.8
CtrSVDD,fake,2501.9,1405.0
CtrSVDD,fake,3736.4,1983.3
CtrSVDD,fake,4643.5,2611.1
CtrSVDD,fake,3343.3,1697.2
CtrSVDD,fake,4326.8,2317.6
CtrSVDD,fake,2586.8,1334.0
CtrSVDD,fake,4023.7,2272.1
CtrSVDD,fake,3905.2,2182.0
CtrSVDD,fake,2932.9,1389.6
CtrSVDD,fake,4803.0,2494.4
CtrSVDD,fake,3585.8,1813.7
CtrSVDD,fake,2624.7,1473.9
CtrSVDD,fake,3954.9,2232.6
CtrSVDD,fake,3902.7,2044.8
CtrSVDD,fake,2454.0,1267.8
CtrSVDD,fake,2240.7,1220.7
CtrSVDD,fake,2985.7,1546.5
CtrSVDD,fake,3432.1,1699.3
CtrSVDD,fake,3553.4,2029.3
CtrSVDD,fake,3520.0,1848.0
CtrSVDD,fake,2766.6,1458.8
CtrSVDD,fake,3111.0,1727.1
CtrSVDD,fake,2130.1,1258.9
CtrSVDD,fake,3215.1,1691.1
CtrSVDD,fake,3434.2,1977.7
CtrSVDD,fake,3424.9,1873.1
CtrSVDD,fake,3892.7,2044.9
CtrSVDD,fake,2486.9,1316.7
CtrSVDD,fake,3428.2,1628.1
CtrSVDD,fake,2609.2,1530.1
CtrSVDD,fake,4186.9,2182.4
CtrSVDD,fake,4026.7,2242.4
CtrSVDD,fake,3761.0,2077.2
CtrSVDD,fake,3768.3,2077.3
CtrSVDD,fake,2171.2,1280.7
CtrSVDD,fake,4325.2,2375.4
CtrSVDD,fake,3638.0,1970.5
CtrSVDD,fake,4184.5,2157.0
CtrSVDD,fake,3894.8,1968.6
CtrSVDD,fake,4177.1,1927.0
CtrSVDD,fake,4140.6,2438.6
CtrSVDD,fake,2846.5,1602.0
CtrSVDD,fake,3460.0,1848.6
CtrSVDD,fake,2589.4,1538.7
CtrSVDD,fake,3743.8,1939.3
CtrSVDD,fake,3588.1,2101.6
CtrSVDD,fake,3775.9,2205.8
CtrSVDD,fake,2562.3,1541.5
CtrSVDD,fake,1932.7,1180.6
CtrSVDD,fake,2940.7,1632.8
CtrSVDD,fake,3460.1,1796.8
CtrSVDD,fake,3327.3,1927.8
CtrSVDD,fake,2970.8,1609.3
CtrSVDD,fake,3791.8,2093.4
CtrSVDD,fake,4060.0,2343.8
CtrSVDD,fake,3958.4,2230.4
CtrSVDD,fake,3862.2,2040.0
CtrSVDD,fake,3140.1,1862.3
CtrSVDD,fake,4202.9,2200.2
CtrSVDD,fake,3448.7,1435.1
CtrSVDD,fake,4917.9,2671.5
CtrSVDD,fake,2471.6,1472.7
CtrSVDD,fake,4277.5,2300.3
CtrSVDD,fake,3233.3,1742.5
CtrSVDD,fake,3250.3,1661.1
CtrSVDD,fake,3460.6,1654.3
CtrSVDD,fake,3579.9,1946.7
CtrSVDD,fake,3905.4,2167.7
CtrSVDD,fake,4076.4,2099.6
CtrSVDD,fake,3637.5,1798.0
CtrSVDD,fake,2780.1,1568.8
CtrSVDD,fake,3835.7,2190.1
CtrSVDD,fake,3389.9,2004.9
CtrSVDD,fake,4230.8,2500.7
CtrSVDD,fake,3768.4,2252.9
CtrSVDD,fake,2128.8,1253.9
CtrSVDD,fake,3657.0,2087.2
CtrSVDD,fake,2803.8,1288.1
CtrSVDD,fake,2692.0,1688.0
CtrSVDD,fake,3667.8,2023.0
CtrSVDD,fake,3863.8,2110.6
CtrSVDD,fake,2366.7,1326.1
CtrSVDD,fake,3503.0,1650.6
CtrSVDD,fake,3652.4,2079.5
CtrSVDD,fake,3987.5,2208.3
CtrSVDD,fake,3824.7,2006.4
CtrSVDD,fake,2359.9,1281.7
CtrSVDD,fake,2872.9,1635.4
CtrSVDD,fake,2848.7,1625.3
CtrSVDD,fake,3827.7,2118.9
CtrSVDD,fake,3339.4,1520.8
CtrSVDD,fake,4104.6,2405.0
CtrSVDD,fake,2823.0,1653.3
CtrSVDD,fake,2928.2,1611.0
CtrSVDD,fake,3731.7,2184.9
CtrSVDD,fake,2840.2,1637.7
CtrSVDD,fake,3087.7,1724.8
CtrSVDD,fake,2545.7,1578.6
CtrSVDD,fake,2428.4,1432.3
CtrSVDD,fake,3657.0,2105.4
CtrSVDD,fake,3926.5,2201.6
CtrSVDD,fake,2255.4,1106.3
CtrSVDD,fake,3885.2,2047.0
CtrSVDD,fake,3412.9,1567.2
CtrSVDD,fake,3035.1,1532.9
CtrSVDD,fake,3969.5,2120.6
CtrSVDD,fake,2573.2,1307.3
CtrSVDD,fake,3144.8,1553.9
CtrSVDD,fake,3040.2,1622.0
CtrSVDD,fake,3770.1,2025.7
CtrSVDD,fake,3325.5,1776.6
CtrSVDD,fake,3414.8,1892.6
CtrSVDD,fake,3033.4,1404.2
CtrSVDD,fake,2589.1,1435.1
CtrSVDD,fake,3405.3,1951.8
CtrSVDD,fake,3855.3,2139.0
CtrSVDD,fake,1702.5,1153.7
CtrSVDD,fake,3596.0,1899.1
CtrSVDD,fake,3158.2,1688.8
CtrSVDD,fake,2521.9,1475.9
CtrSVDD,fake,3288.2,1838.2
CtrSVDD,fake,3403.6,1579.4
CtrSVDD,fake,3309.2,1870.1
CtrSVDD,fake,4219.2,2283.4
CtrSVDD,fake,3068.3,1647.5
CtrSVDD,fake,4015.3,2108.7
CtrSVDD,fake,3409.8,1536.9
CtrSVDD,fake,3809.8,2048.9
CtrSVDD,fake,3856.3,2104.5
CtrSVDD,fake,2020.1,1071.3
CtrSVDD,fake,2903.7,1454.5
CtrSVDD,fake,2882.3,1559.4
CtrSVDD,fake,4021.5,2333.3
CtrSVDD,fake,2510.7,1264.5
CtrSVDD,fake,3533.8,1988.3
CtrSVDD,fake,4139.5,2184.3
CtrSVDD,fake,2881.1,1597.0
CtrSVDD,fake,3203.2,1847.1
CtrSVDD,fake,4188.4,2329.0
CtrSVDD,fake,2852.8,1553.8
CtrSVDD,fake,2792.9,1350.4
CtrSVDD,fake,4096.3,2097.6
CtrSVDD,fake,3281.3,1672.8
CtrSVDD,fake,3964.9,2232.4
CtrSVDD,fake,2611.2,1473.6
CtrSVDD,fake,2256.4,1296.8
CtrSVDD,fake,3263.4,1622.2
CtrSVDD,fake,3532.3,1918.9
CtrSVDD,fake,2019.7,1116.7
CtrSVDD,fake,3014.8,1357.5
CtrSVDD,fake,3809.2,1943.0
CtrSVDD,fake,2088.2,1066.4
CtrSVDD,fake,3512.9,1660.3
CtrSVDD,fake,3374.2,1820.0
CtrSVDD,fake,3376.2,1826.8
CtrSVDD,fake,2966.1,1612.2
CtrSVDD,fake,2748.8,1579.5
CtrSVDD,fake,3761.4,2047.5
CtrSVDD,fake,3480.1,2031.8
CtrSVDD,fake,3301.8,1716.2
CtrSVDD,real,2801.6,1329.6
CtrSVDD,real,2806.2,1371.2
CtrSVDD,real,2698.0,1427.1
CtrSVDD,real,3759.7,2255.8
CtrSVDD,real,2177.8,1148.1
CtrSVDD,real,4256.8,2366.7
CtrSVDD,real,2778.1,1375.7
CtrSVDD,real,3565.2,1975.9
CtrSVDD,real,2722.3,1497.2
CtrSVDD,real,3320.1,1761.4
CtrSVDD,real,3348.1,1751.6
CtrSVDD,real,2495.2,1469.3
CtrSVDD,real,3208.7,1698.4
CtrSVDD,real,1887.6,1055.5
CtrSVDD,real,3735.6,1926.3
CtrSVDD,real,2555.5,1391.6
CtrSVDD,real,2165.9,1165.1
CtrSVDD,real,2947.7,1519.9
CtrSVDD,real,4221.2,2415.4
CtrSVDD,real,3416.1,1792.4
CtrSVDD,real,2594.1,1426.6
CtrSVDD,real,2991.6,1720.5
CtrSVDD,real,2802.4,1474.3
CtrSVDD,real,3202.2,1651.9
CtrSVDD,real,2673.1,1552.1
CtrSVDD,real,3228.3,1646.2
CtrSVDD,real,2580.1,1492.5
CtrSVDD,real,4179.2,2335.9
CtrSVDD,real,2799.1,1489.5
CtrSVDD,real,2581.9,1324.2
CtrSVDD,real,1977.9,984.3
CtrSVDD,real,3401.0,1769.1
CtrSVDD,real,3387.5,1963.5
CtrSVDD,real,2190.2,1273.1
CtrSVDD,real,2393.9,1231.9
CtrSVDD,real,2183.3,1116.3
CtrSVDD,real,2546.1,1384.5
CtrSVDD,real,3137.5,1675.7
CtrSVDD,real,3502.2,1796.0
CtrSVDD,real,4038.2,2416.0
CtrSVDD,real,2893.2,1391.7
CtrSVDD,real,3923.2,2178.7
CtrSVDD,real,3810.4,2185.5
CtrSVDD,real,3557.6,1761.3
CtrSVDD,real,3457.5,1852.1
CtrSVDD,real,3900.6,2136.2
CtrSVDD,real,3023.2,1556.6
CtrSVDD,real,3772.1,2000.1
CtrSVDD,real,2692.0,1754.4
CtrSVDD,real,3344.4,1656.6
CtrSVDD,real,2569.4,1442.4
CtrSVDD,real,4232.3,2297.0
CtrSVDD,real,2855.4,1680.2
CtrSVDD,real,2381.5,1257.1
CtrSVDD,real,3819.0,2100.5
CtrSVDD,real,2313.8,1379.8
CtrSVDD,real,2786.9,1615.2
CtrSVDD,real,2817.0,1684.9
CtrSVDD,real,2800.4,1489.1
CtrSVDD,real,3400.2,1953.5
CtrSVDD,real,3363.1,1946.4
CtrSVDD,real,3098.0,1719.4
CtrSVDD,real,3109.8,1702.6
CtrSVDD,real,2902.6,1529.9
CtrSVDD,real,3343.7,1716.8
CtrSVDD,real,2498.2,1407.1
CtrSVDD,real,3572.2,1870.0
CtrSVDD,real,2857.0,1435.2
CtrSVDD,real,3888.2,2088.0
CtrSVDD,real,3087.5,1632.4
CtrSVDD,real,3084.6,1664.0
CtrSVDD,real,2717.0,1489.6
CtrSVDD,real,2936.3,1574.8
CtrSVDD,real,3697.3,1942.6
CtrSVDD,real,2759.9,1524.4
CtrSVDD,real,2634.9,1464.0
CtrSVDD,real,3938.8,2214.5
CtrSVDD,real,3182.1,1863.0
CtrSVDD,real,3667.2,1929.9
CtrSVDD,real,3768.2,2105.5
CtrSVDD,real,1924.9,908.5
CtrSVDD,real,2075.5,1197.3
CtrSVDD,real,3419.6,1790.5
CtrSVDD,real,3278.4,1801.1
CtrSVDD,real,2629.8,1456.3
CtrSVDD,real,2440.5,1277.7
CtrSVDD,real,3133.9,1652.6
CtrSVDD,real,2179.3,1292.2
CtrSVDD,real,3704.5,2040.0
CtrSVDD,real,3127.1,1641.1
CtrSVDD,real,3270.8,1540.6
CtrSVDD,real,2861.8,1564.1
CtrSVDD,real,2802.2,1565.8
CtrSVDD,real,3538.8,1885.3
CtrSVDD,real,3805.5,2064.5
CtrSVDD,real,3697.5,1951.7
CtrSVDD,real,2658.2,1440.3
CtrSVDD,real,3668.5,1983.5
CtrSVDD,real,2463.1,1090.0
CtrSVDD,real,2905.7,1505.9
CtrSVDD,real,2701.0,1471.7
CtrSVDD,real,2768.8,1486.6
CtrSVDD,real,2715.0,1552.7
CtrSVDD,real,4076.1,2164.5
CtrSVDD,real,4354.4,2284.4
CtrSVDD,real,4196.4,2394.9
CtrSVDD,real,4019.1,2049.1
CtrSVDD,real,4073.0,2099.5
CtrSVDD,real,2998.7,1638.4
CtrSVDD,real,3264.4,1601.5
CtrSVDD,real,2554.1,1427.5
CtrSVDD,real,3788.3,2149.8
CtrSVDD,real,4324.5,2387.9
CtrSVDD,real,3079.1,1590.8
CtrSVDD,real,2368.4,1358.9
CtrSVDD,real,1504.3,868.7
CtrSVDD,real,3628.9,2065.6
CtrSVDD,real,3025.0,1498.9
CtrSVDD,real,3434.0,1949.3
CtrSVDD,real,1826.7,961.0
CtrSVDD,real,2342.0,1256.2
CtrSVDD,real,2064.9,1174.8
CtrSVDD,real,3368.7,1993.0
CtrSVDD,real,2976.7,1632.1
CtrSVDD,real,4104.8,2190.7
CtrSVDD,real,4254.1,2283.5
CtrSVDD,real,3068.2,1713.3
CtrSVDD,real,2678.4,1415.7
CtrSVDD,real,3573.8,2218.5
CtrSVDD,real,3752.9,1994.5
CtrSVDD,real,3036.4,1686.3
CtrSVDD,real,3618.0,1829.2
CtrSVDD,real,3984.5,2251.8
CtrSVDD,real,2236.9,1172.3
CtrSVDD,real,3244.4,1567.7
CtrSVDD,real,2145.7,1098.7
CtrSVDD,real,3253.3,1819.5
CtrSVDD,real,3143.1,1626.2
CtrSVDD,real,2094.0,1135.2
CtrSVDD,real,3013.3,1599.0
CtrSVDD,real,3072.7,1604.6
CtrSVDD,real,3851.6,2075.5
CtrSVDD,real,3305.7,1884.9
CtrSVDD,real,3185.3,1721.1
CtrSVDD,real,4179.5,2356.9
CtrSVDD,real,3126.5,1783.6
CtrSVDD,real,3839.2,1953.6
CtrSVDD,real,3384.6,1888.6
CtrSVDD,real,4378.5,2264.7
CtrSVDD,real,2688.7,1353.5
CtrSVDD,real,3741.9,2009.6
CtrSVDD,real,3380.7,1793.1
CtrSVDD,real,2337.7,1257.9
CtrSVDD,real,3488.2,1841.0
CtrSVDD,real,3200.3,1731.8
CtrSVDD,real,3608.2,1918.8
CtrSVDD,real,4205.4,2048.2
CtrSVDD,real,2420.3,1392.8
CtrSVDD,real,3730.5,2061.2
CtrSVDD,real,3975.2,2218.2
CtrSVDD,real,2636.6,1530.6
CtrSVDD,real,2346.1,1186.1
CtrSVDD,real,3220.7,1779.1
CtrSVDD,real,4190.3,2226.7
CtrSVDD,real,1955.4,981.8
CtrSVDD,real,3996.8,2287.7
CtrSVDD,real,3711.2,1942.0
CtrSVDD,real,3714.3,1752.3
CtrSVDD,real,3694.3,1999.4
CtrSVDD,real,4098.0,2265.5
CtrSVDD,real,3947.3,2164.5
CtrSVDD,real,3619.9,1977.7
CtrSVDD,real,3453.3,1810.1
CtrSVDD,real,2674.7,1247.2
CtrSVDD,real,3591.3,1915.3
CtrSVDD,real,3283.4,1862.7
CtrSVDD,real,3472.8,1920.7
CtrSVDD,real,3930.1,2152.1
CtrSVDD,real,3880.1,2161.5
CtrSVDD,real,3311.0,1680.7
CtrSVDD,real,4035.8,2178.5
CtrSVDD,real,3349.3,1807.2
CtrSVDD,real,2546.8,1397.4
CtrSVDD,real,3105.3,1618.8
CtrSVDD,real,2831.9,1519.6
CtrSVDD,real,2314.7,1252.7
CtrSVDD,real,2451.5,1366.1
CtrSVDD,real,2560.5,1468.3
CtrSVDD,real,3326.7,1800.4
CtrSVDD,real,2551.7,1430.9
CtrSVDD,real,3577.4,1927.7
CtrSVDD,real,2409.1,1348.1
CtrSVDD,real,4025.7,2151.6
CtrSVDD,real,3683.5,1957.4
CtrSVDD,real,3723.7,1899.2
CtrSVDD,real,4369.1,2131.4
CtrSVDD,real,1861.7,1143.4
CtrSVDD,real,2413.0,1371.3
CtrSVDD,real,3318.5,1707.9
CtrSVDD,real,3282.3,1797.2
CtrSVDD,real,2657.7,1454.6
CtrSVDD,real,3464.3,1948.0
CtrSVDD,real,3728.3,2101.1
CtrSVDD,real,3066.1,1623.6
CtrSVDD,real,1776.7,906.6
CtrSVDD,real,3127.2,1586.5
CtrSVDD,real,3263.7,1754.7
CtrSVDD,real,1997.8,1050.7
CtrSVDD,real,3257.5,1795.8
CtrSVDD,real,2240.6,1168.9
CtrSVDD,real,3417.2,1794.4
CtrSVDD,real,3780.6,2090.1
CtrSVDD,real,3230.7,1860.8
CtrSVDD,real,1877.5,1063.0
CtrSVDD,real,3442.6,1874.6
CtrSVDD,real,3257.4,1818.1
CtrSVDD,real,2748.2,1516.7
CtrSVDD,real,2341.3,1172.0
CtrSVDD,real,3036.9,1786.5
CtrSVDD,real,3225.7,1740.3
CtrSVDD,real,3291.4,1849.1
CtrSVDD,real,1527.5,866.3
CtrSVDD,real,3882.0,1921.1
CtrSVDD,real,3954.3,2227.3
CtrSVDD,real,3316.6,1746.2
CtrSVDD,real,3571.3,1694.4
CtrSVDD,real,3713.2,2063.7
CtrSVDD,real,2089.3,1145.2
CtrSVDD,real,2550.0,1499.0
CtrSVDD,real,2977.1,1526.1
CtrSVDD,real,3946.9,2120.0
CtrSVDD,real,2383.6,1406.9
CtrSVDD,real,3426.4,1721.1
CtrSVDD,real,3758.9,2132.3
CtrSVDD,real,2302.0,1459.4
CtrSVDD,real,4030.8,2287.7
CtrSVDD,real,3929.2,2075.8
CtrSVDD,real,3624.0,1930.8
CtrSVDD,real,3330.0,1821.4
CtrSVDD,real,3226.9,1630.6
CtrSVDD,real,3525.5,1794.9
CtrSVDD,real,3473.2,1888.7
CtrSVDD,real,3308.2,1923.5
CtrSVDD,real,2721.4,1418.5
CtrSVDD,real,2777.3,1574.4
CtrSVDD,real,3710.1,1964.0
CtrSVDD,real,3640.6,2059.4
CtrSVDD,real,3270.2,1610.2
CtrSVDD,real,3320.1,1718.7
CtrSVDD,real,3563.6,1914.0
SingerLens,fake,3694.0,1983.2
SingerLens,fake,3477.0,1850.3
SingerLens,fake,3250.9,1990.0
SingerLens,fake,3051.1,1891.6
SingerLens,fake,2686.7,1650.1
SingerLens,fake,3434.2,1732.8
SingerLens,fake,3822.5,2131.6
SingerLens,fake,4432.1,2527.0
SingerLens,fake,2541.1,1463.2
SingerLens,fake,3519.2,2086.3
SingerLens,fake,3121.7,1959.0
SingerLens,fake,3535.5,2166.7
SingerLens,fake,3397.8,1888.0
SingerLens,fake,3609.1,2127.7
SingerLens,fake,3685.6,2208.1
SingerLens,fake,3204.1,1973.3
SingerLens,fake,3145.2,1910.9
SingerLens,fake,3207.3,1696.8
SingerLens,fake,4071.2,2191.6
SingerLens,fake,3290.0,1921.8
SingerLens,fake,4185.2,2298.9
SingerLens,fake,3246.1,1834.6
SingerLens,fake,3281.9,1884.0
SingerLens,fake,3140.4,1814.5
SingerLens,fake,3267.3,1864.7
SingerLens,fake,3717.1,2029.4
SingerLens,fake,3610.5,2089.8
SingerLens,fake,3838.7,2060.2
SingerLens,fake,3383.0,1888.3
SingerLens,fake,3262.8,1907.9
SingerLens,fake,3365.3,1886.8
SingerLens,fake,3203.1,1774.7
SingerLens,fake,3483.3,1897.6
SingerLens,fake,3472.0,1987.0
SingerLens,fake,2807.7,1579.6
SingerLens,fake,3354.3,1888.8
SingerLens,fake,3468.8,1978.9
SingerLens,fake,3291.7,1738.4
SingerLens,fake,3437.2,2011.2
SingerLens,fake,3506.6,2024.0
SingerLens,fake,2396.6,1533.9
SingerLens,fake,4256.7,2386.9
SingerLens,fake,3262.1,1774.9
SingerLens,fake,3734.2,2123.0
SingerLens,fake,3068.3,1765.1
SingerLens,fake,3443.6,1898.5
SingerLens,fake,3482.0,1911.9
SingerLens,fake,3562.7,2044.3
SingerLens,fake,3594.3,1855.0
SingerLens,fake,4013.9,2314.9
SingerLens,fake,2457.6,1570.9
SingerLens,fake,2969.7,1685.6
SingerLens,fake,3428.4,1832.9
SingerLens,fake,2863.6,1784.5
SingerLens,fake,3978.9,2297.6
SingerLens,fake,3680.7,2066.7
SingerLens,fake,3507.2,2081.5
SingerLens,fake,3651.1,2043.8
SingerLens,fake,3126.8,1918.8
SingerLens,fake,3692.1,2077.0
SingerLens,fake,3374.3,1756.9
SingerLens,fake,3981.4,2088.2
SingerLens,fake,5031.9,2921.0
SingerLens,fake,3376.8,1939.8
SingerLens,fake,3079.4,1888.3
SingerLens,fake,4158.9,2444.3
SingerLens,fake,3744.1,2006.8
SingerLens,fake,3092.9,1758.3
SingerLens,fake,4497.5,2477.6
SingerLens,fake,3989.4,2086.7
SingerLens,fake,3245.8,1891.2
SingerLens,fake,3694.2,2026.1
SingerLens,fake,3195.8,1741.3
SingerLens,fake,4054.2,2126.8
SingerLens,fake,3379.5,1909.6
SingerLens,fake,3642.0,1915.5
SingerLens,fake,2746.0,1690.5
SingerLens,fake,3775.0,2108.8
SingerLens,fake,3307.2,2073.9
SingerLens,fake,3606.0,1986.6
SingerLens,fake,3636.3,2016.9
SingerLens,fake,4356.8,2466.3
SingerLens,fake,3261.0,2009.9
SingerLens,fake,3469.7,1984.1
SingerLens,fake,3790.4,2088.3
SingerLens,fake,3591.2,1840.2
SingerLens,fake,3613.4,2074.4
SingerLens,fake,4639.3,2602.3
SingerLens,fake,2987.4,1811.0
SingerLens,fake,3381.7,2029.4
SingerLens,fake,3184.7,1696.1
SingerLens,fake,3602.5,2090.4
SingerLens,fake,3769.4,2162.3
SingerLens,fake,3150.3,1834.9
SingerLens,fake,4316.6,2405.7
SingerLens,fake,2546.9,1668.9
SingerLens,fake,3461.3,1936.0
SingerLens,fake,3824.0,2080.8
SingerLens,fake,2488.9,1577.3
SingerLens,fake,3228.1,1872.0
SingerLens,fake,3494.5,1964.1
SingerLens,fake,3380.6,1937.5
SingerLens,fake,3131.2,1757.0
SingerLens,fake,3596.0,1990.3
SingerLens,fake,4323.0,2454.4
SingerLens,fake,4642.6,2508.0
SingerLens,fake,3386.0,1901.6
SingerLens,fake,3404.5,2031.6
SingerLens,fake,3625.4,2050.6
SingerLens,fake,2587.8,1723.2
SingerLens,fake,3793.2,2206.4
SingerLens,fake,3254.9,1838.7
SingerLens,fake,3039.8,1740.9
SingerLens,fake,4324.0,2407.0
SingerLens,fake,4526.2,2476.6
SingerLens,fake,4763.2,2498.3
SingerLens,fake,3498.7,2069.3
SingerLens,fake,4392.2,2415.6
SingerLens,fake,3522.9,1977.3
SingerLens,fake,3622.4,2011.2
SingerLens,fake,2988.6,1901.0
SingerLens,fake,4239.7,2439.6
SingerLens,fake,3345.5,1815.3
SingerLens,fake,3474.5,1973.2
SingerLens,fake,5077.1,2755.3
SingerLens,fake,3131.3,1748.2
SingerLens,fake,3481.7,1885.5
SingerLens,fake,3127.6,1716.1
SingerLens,fake,3771.7,2137.7
SingerLens,fake,3225.6,1976.4
SingerLens,fake,3121.2,1778.1
SingerLens,fake,5051.4,2847.7
SingerLens,fake,3678.2,2104.7
SingerLens,fake,3731.8,2052.4
SingerLens,fake,3297.4,1986.7
SingerLens,fake,3626.4,2122.8
SingerLens,fake,3904.6,2163.5
SingerLens,fake,3221.8,1873.7
SingerLens,fake,4000.6,2207.3
SingerLens,fake,5027.4,2674.9
SingerLens,fake,3418.3,1936.8
SingerLens,fake,3865.6,2098.7
SingerLens,fake,3636.6,2080.5
SingerLens,fake,3771.8,2135.3
SingerLens,fake,3609.1,2072.5
SingerLens,fake,4022.8,2156.8
SingerLens,fake,3995.2,2196.2
SingerLens,fake,3672.8,2090.0
SingerLens,fake,3532.2,1893.0
SingerLens,fake,3103.1,1802.6
SingerLens,fake,3817.8,2114.8
SingerLens,fake,3546.9,2068.9
SingerLens,fake,3771.2,2134.3
SingerLens,fake,3840.8,1900.5
SingerLens,fake,3310.5,1920.8
SingerLens,fake,4093.8,2194.9
SingerLens,fake,3189.5,1743.0
SingerLens,fake,3231.7,1926.6
SingerLens,fake,3642.2,1954.9
SingerLens,fake,4853.5,2643.9
SingerLens,fake,3231.3,1743.9
SingerLens,fake,3333.0,1938.3
SingerLens,fake,3217.0,1867.5
SingerLens,fake,2901.1,1843.4
SingerLens,fake,3311.6,1880.6
SingerLens,fake,3259.5,1987.0
SingerLens,fake,3528.4,2047.2
SingerLens,fake,3028.2,1894.7
SingerLens,fake,3375.9,2020.9
SingerLens,fake,3623.8,2068.2
SingerLens,fake,3377.4,1803.3
SingerLens,fake,3447.7,1966.6
SingerLens,fake,3369.5,1939.1
SingerLens,fake,3702.9,2056.8
SingerLens,fake,4006.5,2083.0
SingerLens,fake,3535.4,2137.6
SingerLens,fake,3810.3,2061.8
SingerLens,fake,3764.0,2080.1
SingerLens,fake,3505.7,2115.8
SingerLens,fake,2870.1,1763.9
SingerLens,fake,3602.1,1998.8
SingerLens,fake,3513.0,2063.3
SingerLens,fake,3434.8,1935.7
SingerLens,fake,3495.9,2068.6
SingerLens,fake,4010.3,2264.9
SingerLens,fake,3574.0,2086.5
SingerLens,fake,3637.1,2093.9
SingerLens,fake,3239.3,1844.8
SingerLens,fake,3351.2,1988.1
SingerLens,fake,4529.2,2460.5
SingerLens,fake,4552.5,2434.2
SingerLens,fake,3283.1,1834.9
SingerLens,fake,2936.0,1841.1
SingerLens,fake,4036.8,2076.5
SingerLens,fake,3810.5,2297.8
SingerLens,fake,3491.2,2056.4
SingerLens,fake,3673.6,2090.7
SingerLens,fake,3447.1,2017.5
SingerLens,fake,3845.9,2165.4
SingerLens,fake,3506.8,1905.4
SingerLens,fake,3297.8,1754.7
SingerLens,fake,3287.3,1960.5
SingerLens,fake,3435.5,1928.8
SingerLens,fake,4553.8,2581.4
SingerLens,fake,3654.1,2186.2
SingerLens,fake,3554.2,1951.5
SingerLens,fake,3086.8,1716.7
SingerLens,fake,3180.1,1800.5
SingerLens,fake,3520.1,2073.3
SingerLens,fake,3600.8,1998.4
SingerLens,fake,3446.4,1807.1
SingerLens,fake,3497.2,1978.6
SingerLens,fake,2664.4,1653.8
SingerLens,fake,3485.5,2090.2
SingerLens,fake,3669.9,2018.6
SingerLens,fake,3475.3,2057.2
SingerLens,fake,3401.8,1988.8
SingerLens,fake,3571.3,2040.6
SingerLens,fake,2869.1,1762.9
SingerLens,fake,3314.3,1752.5
SingerLens,fake,3254.9,1857.7
SingerLens,fake,3426.8,1938.4
SingerLens,fake,4130.9,2400.8
SingerLens,fake,3556.6,1940.1
SingerLens,fake,3696.5,2050.5
SingerLens,fake,3154.1,1958.5
SingerLens,fake,4697.9,2519.9
SingerLens,fake,3549.0,1939.2
SingerLens,fake,3520.3,1988.7
SingerLens,fake,3060.4,1768.4
SingerLens,fake,3718.9,2024.6
SingerLens,fake,5044.2,2733.6
SingerLens,fake,3335.2,1999.4
SingerLens,fake,3235.5,1861.7
SingerLens,fake,3221.6,2003.4
SingerLens,fake,3408.9,1870.9
SingerLens,fake,3473.4,2008.6
SingerLens,fake,3268.8,2000.5
SingerLens,fake,2814.0,1826.6
SingerLens,fake,3355.9,1934.4
SingerLens,fake,3402.4,1952.8
SingerLens,fake,3313.3,1853.1
SingerLens,fake,3371.8,1884.1
SingerLens,fake,3899.0,2097.9
SingerLens,fake,3340.3,1807.8
SingerLens,fake,3810.9,2073.7
SingerLens,fake,3545.2,2040.8
SingerLens,fake,4140.8,2217.5
SingerLens,fake,3519.2,1966.1
SingerLens,fake,3311.3,1918.6
SingerLens,real,3708.9,1992.5
SingerLens,real,3750.1,2081.7
SingerLens,real,3551.0,1735.9
SingerLens,real,3438.7,1716.7
SingerLens,real,3704.9,2091.0
SingerLens,real,3546.2,1924.2
SingerLens,real,3797.9,2106.3
SingerLens,real,4442.4,2353.6
SingerLens,real,3420.3,2026.1
SingerLens,real,3557.4,1725.4
SingerLens,real,3653.4,1874.7
SingerLens,real,3796.2,2014.7
SingerLens,real,5847.8,3434.1
SingerLens,real,3082.5,1700.9
SingerLens,real,4629.3,2317.7
SingerLens,real,3257.4,1945.0
SingerLens,real,4144.2,2153.2
SingerLens,real,3651.3,2078.4
SingerLens,real,3271.7,1880.2
SingerLens,real,2878.7,1594.9
SingerLens,real,3449.6,1849.8
SingerLens,real,3686.7,1921.2
SingerLens,real,4571.8,2146.5
SingerLens,real,2750.8,1684.6
SingerLens,real,3714.1,2072.6
SingerLens,real,3976.7,2022.2
SingerLens,real,4281.4,2215.3
SingerLens,real,4176.6,1936.3
SingerLens,real,3779.2,2183.9
SingerLens,real,3605.5,1969.9
SingerLens,real,3831.0,1843.7
SingerLens,real,3553.5,1855.8
SingerLens,real,3416.4,1887.4
SingerLens,real,5453.8,2126.5
SingerLens,real,3250.6,1736.1
SingerLens,real,4203.7,2196.9
SingerLens,real,4303.1,2224.7
SingerLens,real,4119.9,2187.6
SingerLens,real,3712.9,1854.2
SingerLens,real,3369.2,1873.5
SingerLens,real,2554.0,1591.2
SingerLens,real,2972.5,1852.0
SingerLens,real,3659.5,1970.6
SingerLens,real,3329.2,1737.3
SingerLens,real,4476.3,2292.8
SingerLens,real,3206.0,1840.4
SingerLens,real,3901.2,2230.5
SingerLens,real,3598.1,1942.5
SingerLens,real,3450.1,1984.0
SingerLens,real,3229.0,1688.8
SingerLens,real,4468.0,2516.7
SingerLens,real,3227.7,1860.8
SingerLens,real,4100.0,2275.4
SingerLens,real,3343.5,1909.4
SingerLens,real,3438.3,1831.2
SingerLens,real,2458.4,1548.8
SingerLens,real,4945.5,2664.9
SingerLens,real,3469.2,1963.3
SingerLens,real,3887.3,2136.3
SingerLens,real,4222.0,2286.6
SingerLens,real,3694.9,2037.7
SingerLens,real,2433.6,1550.6
SingerLens,real,3922.9,2263.5
SingerLens,real,3760.0,2087.9
SingerLens,real,4055.3,2146.2
SingerLens,real,2932.0,1574.9
SingerLens,real,3960.1,1702.8
SingerLens,real,3463.8,1863.7
SingerLens,real,3840.0,2107.5
SingerLens,real,3205.7,1759.4
SingerLens,real,4110.6,2167.7
SingerLens,real,3901.4,2198.4
SingerLens,real,4113.2,1913.3
SingerLens,real,4136.0,2196.3
SingerLens,real,4783.2,2622.0
SingerLens,real,2786.2,1495.6
SingerLens,real,3693.2,2121.8
SingerLens,real,4286.0,2321.0
SingerLens,real,3881.7,2148.1
SingerLens,real,5078.5,2217.3
SingerLens,real,3771.1,1880.3
SingerLens,real,2822.8,1606.4
SingerLens,real,2922.4,1560.3
SingerLens,real,2526.7,1420.7
SingerLens,real,3726.7,1972.3
SingerLens,real,4025.2,2111.3
SingerLens,real,3880.2,2049.5
SingerLens,real,2972.4,1623.8
SingerLens,real,3928.2,1717.9
SingerLens,real,3961.5,2194.3
SingerLens,real,3491.4,1969.6
SingerLens,real,3318.3,1763.9
SingerLens,real,4184.5,2187.3
SingerLens,real,3700.3,1820.2
SingerLens,real,2287.1,1192.2
SingerLens,real,3524.9,1903.6
SingerLens,real,4540.3,2194.7
SingerLens,real,3510.9,1753.5
SingerLens,real,3046.1,1533.9
SingerLens,real,4914.1,2343.0
SingerLens,real,2751.9,1493.7
SingerLens,real,3020.0,1675.4
SingerLens,real,2855.0,1605.2
SingerLens,real,4079.0,2206.8
SingerLens,real,4139.9,2317.2
SingerLens,real,4082.3,2198.6
SingerLens,real,3939.0,2127.2
SingerLens,real,4652.7,2341.8
SingerLens,real,4084.3,2156.7
SingerLens,real,3688.2,2036.9
SingerLens,real,3912.7,2012.2
SingerLens,real,3300.0,1737.9
SingerLens,real,3838.4,1922.4
SingerLens,real,3194.7,1862.0
SingerLens,real,3324.0,1784.8
SingerLens,real,4471.4,1820.7
SingerLens,real,6577.0,3081.0
SingerLens,real,3724.8,2070.9
SingerLens,real,3675.6,1952.5
SingerLens,real,3443.6,1936.8
SingerLens,real,4191.9,2333.1
SingerLens,real,4024.0,2210.7
SingerLens,real,2792.3,1369.9
SingerLens,real,4637.8,2153.7
SingerLens,real,3334.9,1835.8
SingerLens,real,3624.7,2032.2
SingerLens,real,3445.1,1919.0
SingerLens,real,4448.5,2062.2
SingerLens,real,4627.0,1991.2
SingerLens,real,4281.9,2238.4
SingerLens,real,5807.0,3544.6
SingerLens,real,4131.2,2116.8
SingerLens,real,3545.7,1704.6
SingerLens,real,3808.6,2118.0
SingerLens,real,4719.4,2426.4
SingerLens,real,3616.4,2084.2
SingerLens,real,2966.5,1582.6
SingerLens,real,3887.0,2166.7
SingerLens,real,5064.0,2214.2
SingerLens,real,3138.2,1666.4
SingerLens,real,3176.5,1667.2
SingerLens,real,3907.6,1688.7
SingerLens,real,3600.5,2026.6
SingerLens,real,3828.0,1957.4
SingerLens,real,2942.7,1701.0
SingerLens,real,4877.5,2533.1
SingerLens,real,3654.1,1971.8
SingerLens,real,3207.4,1799.2
SingerLens,real,4132.4,2218.4
SingerLens,real,3192.0,1895.5
SingerLens,real,3208.0,1714.6
SingerLens,real,3290.4,1798.7
SingerLens,real,3599.5,1937.7
SingerLens,real,3508.0,1939.1
SingerLens,real,4089.9,2150.9
SingerLens,real,3440.3,1898.3
SingerLens,real,3778.0,1901.5
SingerLens,real,5008.9,2569.9
SingerLens,real,3576.6,2044.0
SingerLens,real,3630.1,1908.4
SingerLens,real,3625.6,1995.8
SingerLens,real,3214.4,1767.9
SingerLens,real,3722.6,1939.7
SingerLens,real,5618.9,2804.2
SingerLens,real,3799.2,2182.2
SingerLens,real,3604.3,1823.6
SingerLens,real,3392.9,1825.4
SingerLens,real,3802.1,2134.0
SingerLens,real,4875.9,2205.9
SingerLens,real,4170.8,2223.7
SingerLens,real,3620.5,2014.0
SingerLens,real,3465.5,1710.3
SingerLens,real,2994.6,1418.9
SingerLens,real,3147.0,1755.6
SingerLens,real,3339.9,1657.2
SingerLens,real,3146.0,1823.3
SingerLens,real,3638.6,2024.9
SingerLens,real,4298.4,2246.3
SingerLens,real,3306.6,1776.9
SingerLens,real,3598.5,1723.6
SingerLens,real,3473.9,1856.3
SingerLens,real,3574.5,2016.2
SingerLens,real,3694.2,2068.4
SingerLens,real,3481.3,1443.4
SingerLens,real,3859.4,2104.1
SingerLens,real,4012.0,2167.4
SingerLens,real,3631.3,2122.7
SingerLens,real,3214.8,1842.4
SingerLens,real,3278.6,1879.4
SingerLens,real,3943.5,2169.7
SingerLens,real,4251.5,2297.9
SingerLens,real,3930.6,2098.2
SingerLens,real,3828.0,1994.3
SingerLens,real,4102.0,2186.2
SingerLens,real,3263.6,1786.4
SingerLens,real,3996.6,2183.0
SingerLens,real,3457.1,1831.3
SingerLens,real,3178.5,1516.1
SingerLens,real,3660.9,2110.6
SingerLens,real,3901.8,2086.3
SingerLens,real,3865.2,2026.1
SingerLens,real,4501.2,2419.8
SingerLens,real,3024.6,1855.3
SingerLens,real,4820.4,2115.6
SingerLens,real,5046.7,1928.2
SingerLens,real,3606.1,1994.4
SingerLens,real,3542.6,1897.6
SingerLens,real,3433.8,1841.1
SingerLens,real,3478.0,1969.8
SingerLens,real,4134.7,2274.6
SingerLens,real,3282.0,1834.7
SingerLens,real,3598.1,1911.3
SingerLens,real,5301.2,1853.4
SingerLens,real,3084.1,1719.5
SingerLens,real,3637.6,1955.0
SingerLens,real,3226.5,1697.8
SingerLens,real,3512.7,1873.4
SingerLens,real,3614.6,1972.4
SingerLens,real,4539.6,2043.7
SingerLens,real,4818.4,1756.1
SingerLens,real,3807.4,2137.7
SingerLens,real,4481.5,2252.6
SingerLens,real,3992.8,2222.0
SingerLens,real,3842.5,2022.2
SingerLens,real,4472.5,2162.6
SingerLens,real,3788.5,2103.7
SingerLens,real,4062.8,2069.5
SingerLens,real,4087.1,2312.2
SingerLens,real,4190.5,2254.4
SingerLens,real,4456.6,2099.8
SingerLens,real,4103.2,2232.9
SingerLens,real,3702.2,2062.9
SingerLens,real,3603.6,2071.4
SingerLens,real,4357.4,2187.1
SingerLens,real,3926.0,1855.0
SingerLens,real,4712.8,2154.6
SingerLens,real,4046.9,2256.1
SingerLens,real,3741.7,1852.2
SingerLens,real,3474.1,1885.0
SingerLens,real,1801.1,1158.0
SingerLens,real,3797.8,2118.1
SingerLens,real,3275.0,1712.6
SingerLens,real,3291.0,1819.1
SingerLens,real,3092.3,1726.0
SingerLens,real,3868.2,1883.9
SingerLens,real,3482.1,1911.0
SingerLens,real,4438.3,2196.8
SingerLens,real,4022.2,2120.6
SingerLens,real,3498.8,1998.6
SingerLens,real,4055.8,2189.8
WildT02,fake,5436.8,2880.9
WildT02,fake,5280.8,2872.4
WildT02,fake,5332.9,2999.4
WildT02,fake,3244.6,1854.5
WildT02,fake,2542.2,1524.0
WildT02,fake,3558.5,2029.3
WildT02,real,2608.3,1477.2
WildT02,real,2622.1,1384.0
WildT02,real,3302.5,1701.6
WildT02,real,4663.3,2383.4
WildT02,real,3565.6,1684.4
WildT02,real,3769.4,1814.3
WildT02,fake,3446.9,1786.7
WildT02,fake,3315.5,1753.2
WildT02,fake,2723.1,1443.9
WildT02,real,4682.7,2358.3
WildT02,real,4577.4,2286.4
WildT02,real,4610.1,2027.7
WildT02,fake,3384.0,1600.8
WildT02,fake,2788.1,1554.3
WildT02,fake,2926.0,1680.2
WildT02,fake,2941.3,1667.5
WildT02,fake,3082.3,1721.5
WildT02,fake,2986.4,1664.1
WildT02,fake,4369.8,2269.0
WildT02,fake,4939.9,2521.2
WildT02,fake,4885.0,2518.5
WildT02,fake,4118.2,2121.3
WildT02,fake,3977.7,2062.3
WildT02,fake,4375.8,2237.2
WildT02,fake,3496.5,1851.2
WildT02,fake,3488.5,1804.1
WildT02,fake,3478.9,1869.2
WildT02,fake,4608.4,2424.4
WildT02,fake,4793.9,2496.2
WildT02,fake,4277.4,2218.1
WildT02,fake,4429.1,2215.9
WildT02,fake,4240.5,2237.5
WildT02,fake,4334.8,2255.3
WildT02,fake,3602.1,1899.7
WildT02,fake,3442.7,1956.5
WildT02,fake,3297.8,1872.7
WildT02,fake,4285.5,2153.5
WildT02,fake,4113.1,2198.7
WildT02,fake,3866.0,2004.1
WildT02,fake,4670.9,2272.9
WildT02,fake,6229.3,3865.9
WildT02,fake,4563.3,2305.0
WildT02,fake,4632.6,2355.1
WildT02,fake,4597.5,2387.7
WildT02,real,3252.8,1730.9
WildT02,real,2927.3,1635.3
WildT02,real,2821.3,1547.7
WildT02,real,3715.2,1824.6
WildT02,real,3376.1,1756.5
WildT02,real,3491.6,1846.9
WildT02,real,3537.3,1801.7
WildT02,real,3335.4,1801.2
WildT02,real,3168.1,1734.6
WildT02,real,3770.3,1757.0
WildT02,real,3235.5,1530.6
WildT02,real,2935.3,1432.3
WildT02,real,3719.2,1731.3
WildT02,real,4881.6,2605.0
WildT02,real,4602.1,2301.0
WildT02,real,4717.7,2464.8
WildT02,real,5230.4,2379.5
WildT02,real,4992.4,2417.6
WildT02,real,3445.1,1856.9
WildT02,real,3661.4,1917.1
WildT02,real,3813.3,2008.6
WildT02,real,5093.3,2439.1
WildT02,real,4125.2,1870.3
WildT02,real,3966.7,1943.7
WildT02,real,6214.8,3452.5
WildT02,real,4501.4,2325.6
WildT02,real,5322.9,2716.3
WildT02,real,2598.2,1469.8
WildT02,real,2710.0,1227.2
WildT02,real,5138.7,2801.0
WildT02,real,4107.2,2181.4
WildT02,real,3897.1,2005.8
WildT02,real,3781.3,1933.6
WildT02,real,3462.6,1901.9
WildT02,real,3787.0,1909.4
WildT02,real,3705.5,1840.6
WildT02,real,4079.7,2158.0
WildT02,real,3470.8,1766.3
WildT02,real,5650.5,2591.1
WildT02,real,4544.7,2242.4
WildT02,real,4221.7,2044.7
WildT02,real,3924.5,1895.2
WildT02,real,3508.7,1754.8
WildT02,real,2966.4,1713.1
WildT02,fake,4363.4,2312.1
WildT02,fake,4032.0,2181.0
WildT02,fake,3539.6,2009.1
WildT02,real,6596.0,3209.0
WildT02,real,3508.9,1868.1
WildT02,real,3552.6,1851.4
WildT02,real,4010.5,1920.1
WildT02,real,3785.8,1841.1
WildT02,real,3528.6,1770.1
WildT02,real,3378.9,1717.8
WildT02,real,3361.3,1721.0
WildT02,real,3476.6,1774.5
WildT02,real,4214.3,2244.4
WildT02,real,4499.6,1721.3
WildT02,real,4247.6,1711.0
WildT02,real,3954.8,1906.8
WildT02,real,3650.7,1838.5
WildT02,real,3693.8,2008.2
WildT02,real,3846.4,2024.8
WildT02,real,3295.1,1666.3
WildT02,real,3234.5,1631.4
WildT02,real,3029.7,1579.1
WildT02,real,3608.6,2044.5
WildT02,real,3826.3,2072.9
WildT02,real,3900.0,2203.7
WildT02,real,3992.1,1755.0
WildT02,real,2990.8,1480.6
WildT02,real,2507.1,1551.9
WildT02,real,3672.0,1778.0
WildT02,real,5159.4,2326.1
WildT02,real,4501.3,2072.7
WildT02,real,3784.0,1863.0
WildT02,real,4062.4,2035.1
WildT02,real,4340.8,2129.1
WildT02,real,3936.6,1946.3
WildT02,real,3133.4,1640.0
WildT02,real,3564.8,1783.3
WildT02,real,3312.3,1809.5
WildT02,real,2908.6,1376.7
WildT02,real,3667.5,1455.2
WildT02,real,4368.2,2049.3
WildT02,real,3424.4,1783.6
WildT02,real,3400.1,1657.5
WildT02,real,3278.2,1729.3
WildT02,real,3434.2,1806.2
WildT02,real,3371.7,1813.2
WildT02,real,2727.9,1541.8
WildT02,real,3664.8,1879.2
WildT02,real,3722.8,1855.4
WildT02,real,4304.8,1964.2
WildT02,real,3103.9,1643.9
WildT02,real,2848.9,1518.2
WildT02,real,3328.8,1760.8
WildT02,real,3010.5,1577.1
WildT02,real,3057.8,1678.4
WildT02,real,3428.6,1784.1
WildT02,real,3569.2,1863.7
WildT02,real,4285.6,2278.5
WildT02,real,3581.5,1973.8
WildT02,fake,3521.8,1725.4
WildT02,fake,4020.3,2041.8
WildT02,fake,3972.2,2023.2
WildT02,fake,4300.3,2072.3
WildT02,fake,3755.5,1620.0
WildT02,fake,3524.8,1960.3
WildT02,fake,2954.8,1736.6
WildT02,fake,2879.1,1750.9
WildT02,fake,3502.0,1846.2
WildT02,fake,3942.5,2172.7
WildT02,fake,6574.4,3518.4
WildT02,fake,6774.4,3946.3
WildT02,fake,3270.8,1755.1
WildT02,fake,2810.8,1546.4
WildT02,fake,2774.3,1570.4
WildT02,real,5069.8,2338.4
WildT02,real,4982.4,2336.1
WildT02,real,5288.7,2608.8
WildT02,real,4497.0,1917.5
WildT02,real,4603.9,1952.3
WildT02,real,3959.1,1817.1
WildT02,real,2785.5,1439.9
WildT02,real,2290.9,1317.5
WildT02,real,2597.5,1384.5
WildT02,real,2035.0,1165.1
WildT02,real,3388.9,1677.6
WildT02,real,3326.6,1747.9
WildT02,real,3808.8,2199.0
WildT02,real,3165.6,1778.7
WildT02,real,4099.5,1938.9
WildT02,real,4132.0,1899.9
WildT02,real,3389.5,1688.4
WildT02,fake,4214.3,1896.9
WildT02,fake,3170.7,1593.2
WildT02,fake,3048.9,1575.8
WildT02,real,4487.4,1911.1
WildT02,real,4044.6,2103.9
WildT02,real,3241.4,1664.5
WildT02,real,4463.8,2378.1
WildT02,real,4337.8,2257.8
WildT02,real,3426.8,1785.6
WildT02,real,3439.0,1692.4
WildT02,real,3061.0,1765.9
WildT02,real,3153.9,1819.4
WildT02,real,3945.2,2067.5
WildT02,real,3234.5,1706.0
WildT02,real,3294.6,1776.4
WildT02,real,2824.9,1345.2
WildT02,real,1945.0,1047.1
WildT02,real,1667.4,918.4
WildT02,real,3895.6,1944.8
WildT02,real,3391.4,1745.4
WildT02,real,3374.9,1694.1
WildT02,real,2779.0,1393.8
WildT02,real,3260.0,1657.6
WildT02,real,4216.0,2315.5
WildT02,real,2900.6,1585.8
WildT02,real,2410.3,1350.5
WildT02,real,2815.0,1572.0
WildT02,real,2389.9,1321.1
WildT02,real,1970.4,1132.0
WildT02,real,1921.1,1104.5
WildT02,fake,3495.7,1408.6
WildT02,fake,4913.4,2107.6
WildT02,fake,5038.0,2083.5
WildT02,fake,3435.5,1635.0
WildT02,fake,3043.3,1516.7
WildT02,fake,3048.3,1382.8
WildT02,fake,3112.4,1741.3
WildT02,fake,2486.2,1467.7
WildT02,fake,3048.7,1706.1
WildT02,fake,3333.6,1833.9
WildT02,fake,4373.4,2283.5
WildT02,fake,4621.2,2245.7
WildT02,fake,3648.0,1696.9
WildT02,fake,3122.0,1539.8
WildT02,fake,3412.5,1705.2
WildT02,fake,3531.5,1724.6
WildT02,fake,3210.8,1710.8
WildT02,fake,3424.0,1827.4
WildT02,fake,3662.8,1761.0
WildT02,fake,3259.1,1723.7
WildT02,fake,3884.6,1866.4
WildT02,fake,3016.8,1369.0
WildT02,fake,2440.0,1114.4
WildT02,fake,3879.9,2085.2
WildT02,fake,3510.3,1772.2
WildT02,fake,2942.8,1614.0
WildT02,fake,3339.9,1482.3
WildT02,fake,2609.6,1293.3
WildT02,fake,2675.2,1375.1
WildT02,fake,2340.3,1268.0
WildT02,fake,1491.9,875.1
WildT02,fake,2410.8,1120.5
WildT02,fake,3719.2,1852.2
WildT02,fake,3442.1,1740.4
WildT02,fake,2523.8,1442.6
WildT02,real,2908.0,1626.5
WildT02,real,2814.8,1515.6
WildT02,real,3247.3,1690.9
WildT02,real,3218.2,1705.5
WildT02,real,3462.8,1865.0
WildT02,real,3609.1,1928.4
WildT02,real,2113.3,1160.6
WildT02,real,2639.4,1329.3
WildT02,real,2438.8,1296.7
WildT02,real,2901.9,1660.3
WildT02,real,2553.0,1378.3
WildT02,real,3018.3,1549.8
WildT02,real,2534.1,1519.3
WildT02,real,2400.6,1316.3
WildT02,real,2839.4,1569.9
WildT02,real,3203.8,1669.3
WildT02,real,3426.2,1811.9
WildT02,real,3244.3,1709.2
WildT02,real,3858.7,1764.3
WildT02,real,3268.8,1756.0
WildT02,real,3247.8,1602.2
WildT02,real,4535.1,1965.7
WildT02,real,3288.1,1539.8
WildT02,real,4167.3,2173.0
WildT02,real,5194.6,2664.6
WildT02,real,3053.4,1454.7
WildT02,real,2600.0,1307.1
WildT02,real,2486.9,1194.3
WildT02,real,3152.1,1565.0
WildT02,real,2891.7,1492.3
WildT02,real,3379.0,1802.0
WildT02,real,2367.5,1298.6
WildT02,real,2510.4,1376.6
WildT02,real,2459.3,1319.6
WildT02,real,2245.6,1262.3
WildT02,real,2903.5,1532.5
WildT02,real,2487.3,1413.6
WildT02,fake,3604.8,1966.5
WildT02,fake,3961.4,2092.9
WildT02,fake,4048.9,2094.2
WildT02,real,4259.3,1766.1
WildT02,real,4978.1,2025.3
WildT02,real,4592.1,1849.2
WildT02,fake,3329.2,1495.3
WildT02,fake,3575.3,1914.5
WildT02,fake,3301.2,1189.0
WildT02,fake,3701.8,1612.4
WildT02,fake,4018.9,2214.0
WildT02,fake,3035.0,1318.9
WildT02,fake,3176.8,1719.0
WildT02,fake,3431.2,1923.2
WildT02,fake,3034.5,1685.8
WildT02,fake,3553.2,1997.9
WildT02,fake,3528.6,1888.3
WildT02,fake,3121.9,1803.0
WildT02,fake,3545.4,2026.1
WildT02,fake,3211.7,1689.1
WildT02,fake,3657.1,2023.2
WildT02,fake,3284.1,1889.9
WildT02,fake,2987.2,1717.4
WildT02,fake,3856.6,1980.8
WildT02,fake,3192.6,1830.3
WildT02,fake,3343.7,1888.3
WildT02,fake,4629.7,1929.3
WildT02,fake,3614.9,2105.7
WildT02,fake,3481.6,2014.3
WildT02,fake,3954.5,2221.6
WildT02,fake,3701.1,1998.7
WildT02,fake,4014.3,2078.3
WildT02,fake,2866.8,1166.5
WildT02,fake,3226.6,1523.0
WildT02,fake,3279.6,1603.0
WildT02,fake,3544.5,1986.6
WildT02,fake,3729.7,2115.6
WildT02,fake,3671.7,2141.5
WildT02,fake,3684.6,1804.5
WildT02,fake,3328.4,1883.6
WildT02,fake,3145.3,1772.8
WildT02,fake,3690.9,1784.9
WildT02,fake,3590.0,2041.4
WildT02,fake,3398.3,1858.8
WildT02,fake,3574.0,1908.1
WildT02,fake,5139.6,2246.8
WildT02,fake,3931.7,1987.4
WildT02,fake,3663.1,1514.8
WildT02,fake,2730.4,1572.5
WildT02,fake,3662.9,2124.6
WildT02,fake,3775.1,2119.5
WildT02,fake,4039.9,2217.4
WildT02,fake,3606.5,2019.7
WildT02,fake,3617.6,2100.9
WildT02,fake,3298.5,1655.9
WildT02,fake,3203.1,1555.4
WildT02,fake,2643.1,1493.8
WildT02,fake,2730.4,1542.4
WildT02,fake,3766.4,1739.8
WildT02,fake,2651.7,1515.5
WildT02,fake,2771.4,1564.8
WildT02,fake,2115.4,1253.1
WildT02,fake,4067.6,2113.5
WildT02,fake,3649.4,1958.8
WildT02,real,2973.8,1607.5
WildT02,real,1449.5,777.2
WildT02,real,3161.7,1510.6
WildT02,real,3305.7,1716.2
WildT02,real,2232.4,1154.8
WildT02,real,1495.7,843.4
WildT02,real,2573.2,1350.2
WildT02,real,3163.0,1735.3
WildT02,real,3053.6,1726.4
WildT02,fake,3418.4,1975.7
WildT02,fake,3172.2,1833.0
WildT02,fake,3559.2,2099.1
WildT02,real,2517.9,1338.8
WildT02,real,3137.1,1634.6
WildT02,real,2054.4,1091.2
WildT02,real,1701.8,991.2
WildT02,real,1778.8,1045.6
WildT02,real,1913.8,1130.7
WildT02,real,3065.3,1928.5
WildT02,real,3551.5,1794.9
WildT02,real,3068.0,1616.9
WildT02,real,3043.2,1586.2
WildT02,real,2898.4,1603.7
WildT02,real,2935.1,1563.3
WildT02,real,3185.0,1695.0
WildT02,real,2817.0,1575.2
WildT02,real,2410.3,1338.7
WildT02,real,3787.3,1765.9
WildT02,real,3394.3,1612.1
WildT02,real,3251.4,1644.9
WildT02,real,3763.4,1730.3
WildT02,real,2242.1,1173.2
WildT02,real,2162.5,1097.6
WildT02,real,2979.0,1538.3
WildT02,real,2713.7,1517.0
WildT02,real,3557.5,2092.5
